Timestamp,Open,High,Low,Close,Volume_(BTC),Volume_(Currency),Weighted_Price
2019-01-01,37.4671,38.5091,37.0723,38.4352,112.50627,432420.099,37.68843292
2019-01-02,38.4922,39.4798,38.1741,39.4341,133.003082,524485.6836,38.49057235
2019-01-03,39.3105,39.3569,38.2622,38.3674,118.0745951,453021.5219,38.84223271
2019-01-04,38.3204,38.6593,37.8385,38.5772,125.6691898,484796.5467,38.31665015
2019-01-05,38.5197,39.049,38.369,38.4519,133.6113384,513760.9824,38.64870571
2019-01-06,38.3652,40.933,38.2651,40.7663,137.2954484,559702.744,38.57219009
2019-01-07,40.7859,40.9261,40.2089,40.2525,129.8956745,522862.5637,40.23130749
2019-01-08,40.2847,41.0902,39.9696,40.3085,131.649486,530659.3305,40.31802388
2019-01-09,40.3155,40.684,40.2266,40.353,126.7788076,511590.5225,40.55341473
2019-01-10,40.3441,40.6407,36.5917,36.7892,186.8522228,687414.3796,38.25052322
2019-01-11,36.7402,37.1388,36.5307,36.8737,150.2076782,553871.2865,36.87719141
2019-01-12,36.8697,36.9898,36.5381,36.613,130.5047629,477817.0883,36.59458703
2019-01-13,36.5887,36.7476,35.4493,35.5295,131.7581859,468130.2466,36.66174071
2019-01-14,35.5731,37.2784,35.5229,37.0605,152.4907783,565138.449,35.84714203
2019-01-15,37.0422,37.2015,36.1995,36.3068,152.5111633,553719.2302,36.83710881
2019-01-16,36.3151,36.8578,36.2467,36.5501,147.590763,539445.7145,36.61351743
2019-01-17,36.5187,36.8014,36.2196,36.7856,148.5478117,546442.0383,36.38162093
2019-01-18,36.7799,36.8252,36.3708,36.5784,136.7736622,500296.1727,36.60363918
2019-01-19,36.5238,37.5853,36.5238,37.2857,159.7312476,595569.138,37.54783655
2019-01-20,37.2545,37.4339,35.8302,36.0101,155.0256611,558248.956,37.33153226
2019-01-21,36.0037,36.0884,35.5854,35.7603,139.9414171,500434.7059,35.78272041
2019-01-22,35.7508,36.2075,35.3972,36.0458,147.4131121,531362.3556,35.64132742
2019-01-23,36.0556,36.2307,35.6531,35.8512,151.564122,543375.5649,36.04219576
2019-01-24,35.845,36.1609,35.6909,36.0087,146.1554859,526286.9046,35.75694732
2019-01-25,36.0739,36.1293,35.756,35.9977,146.2828886,526584.7539,35.8137972
2019-01-26,35.9972,36.5493,35.9335,36.0246,141.519496,509818.3235,36.36599757
2019-01-27,36.0469,36.1267,35.6725,35.8397,155.4352566,557075.2966,35.73891948
2019-01-28,35.8428,35.8675,34.3923,34.7045,199.0788077,690893.0483,34.78948634
2019-01-29,34.6887,34.7607,34.0082,34.4812,171.0253556,589715.9493,34.22989852
2019-01-30,34.439,34.9517,34.2939,34.8618,170.8205723,595511.2627,34.6797789
2019-01-31,34.8541,35.048,34.4792,34.5779,168.6394567,583119.8271,34.58392131
2019-02-01,34.6055,35.0195,34.3159,34.8795,155.4760449,542292.6707,34.54788919
2019-02-02,34.8463,35.2329,34.6757,35.2106,144.0368412,507162.3601,34.83411357
2019-02-03,35.1614,35.2139,34.4792,34.6401,145.609787,504393.7584,34.80100042
2019-02-04,34.6721,34.7622,34.4259,34.5915,154.1626956,533271.8886,34.54376047
2019-02-05,34.5495,34.7815,34.5194,34.6636,150.8080391,522754.9545,34.7187986
2019-02-06,34.6909,34.6909,33.9857,34.1377,160.5906677,548219.6038,34.0921274
2019-02-07,34.1493,34.2795,33.9422,33.9947,147.227735,500496.2683,34.26618162
2019-02-08,34.0138,36.9561,33.9102,36.6678,210.9650184,773562.3101,34.41984344
2019-02-09,36.7159,36.7994,36.4656,36.712,167.760777,615883.3645,36.74399071
2019-02-10,36.732,36.9504,36.4098,36.9019,170.2420987,628225.6903,36.54053562
2019-02-11,36.9561,36.9561,36.4229,36.4843,172.0481532,627705.6434,36.5667835
2019-02-12,36.4275,36.6859,36.1856,36.5353,177.3732399,648038.4532,36.23457065
2019-02-13,36.536,36.6975,36.1725,36.3207,177.2791775,643890.3823,36.38519894
2019-02-14,36.3117,36.4626,36.077,36.1688,173.382706,627104.4418,36.22473251
2019-02-15,36.1737,36.478,36.0821,36.2081,168.2483265,609195.2231,36.37004754
2019-02-16,36.1527,36.5284,36.1527,36.2979,163.5010304,593474.4052,36.35396833
2019-02-17,36.3336,36.8054,36.1918,36.7384,191.6118422,703951.2503,36.44600441
2019-02-18,36.7137,39.3667,36.6998,39.1571,253.0375498,990821.664,37.43348375
2019-02-19,39.1166,40.1088,39.0815,39.4709,251.6696264,993362.6655,39.25686157
2019-02-20,39.4668,40.0049,39.2625,39.9982,217.3441292,869337.3948,39.82292674
2019-02-21,40.0026,40.1001,39.4011,39.5412,196.6335898,777512.8102,39.52238926
2019-02-22,39.5241,40.0654,39.5082,40.0553,195.3930005,782652.5254,39.78432706
2019-02-23,39.9892,41.6629,39.6873,41.4253,215.3818636,892225.8316,39.90072137
2019-02-24,41.4546,42.1064,37.9371,38.1043,283.2810851,1079422.745,41.7118462
2019-02-25,38.07,39.1371,38.07,38.827,240.0081404,931879.6067,38.40296578
2019-02-26,38.787,38.9158,38.3799,38.5436,205.7726574,793121.8996,38.61739838
2019-02-27,38.5748,38.888,37.8706,38.5105,215.5596444,830130.9684,38.71645611
2019-02-28,38.4826,39.0606,38.4582,38.5479,217.9046796,839976.7798,38.66868713
2019-03-01,38.5376,39.078,38.5169,38.5958,198.4995252,766124.7975,38.68644271
2019-03-02,38.5532,38.7461,38.3213,38.6442,196.1170389,757878.6076,38.57897796
2019-03-03,38.6227,38.7548,38.3691,38.4718,188.5422089,725355.8152,38.66386204
2019-03-04,38.4509,38.6738,37.3375,37.6156,240.0380637,902917.5788,37.441364
2019-03-05,37.5983,39.0392,37.4518,38.9638,261.1174068,1017412.642,37.76510774
2019-03-06,38.9708,39.1951,38.7146,39.0394,235.0264484,917529.1529,38.9975593
2019-03-07,39.0338,39.3937,38.9411,39.1148,245.0265761,958416.5519,38.99077501
2019-03-08,39.1323,39.5043,38.7523,39.0113,272.706599,1063863.894,39.30449996
2019-03-09,38.9455,39.8724,38.9239,39.6331,272.4011878,1079610.352,39.42694665
2019-03-10,39.6617,39.6617,39.2438,39.516,245.8059421,971326.7607,39.35963869
2019-03-11,39.5374,39.6638,38.8924,39.0523,259.2907947,1012590.19,39.29117373
2019-03-12,39.0376,39.2689,38.6356,39.0916,250.9461644,980988.7079,39.24656094
2019-03-13,39.1305,39.266,38.919,39.0672,242.3819685,946918.4841,38.91904192
2019-03-14,39.0558,39.465,39.013,39.2437,267.069353,1048078.957,39.19311692
2019-03-15,39.2666,39.6854,39.1402,39.6091,237.1730386,939421.0605,39.29765381
2019-03-16,39.639,40.7704,39.6166,40.4873,243.438485,985616.6973,40.69386027
2019-03-17,40.4772,40.5412,40.0641,40.2523,204.2523135,822162.54,40.27803706
2019-03-18,40.2997,40.7156,40.0912,40.3251,239.2295168,964695.4186,40.18693335
2019-03-19,40.3269,40.8222,40.2381,40.7119,229.5377999,934491.9956,40.58918533
2019-03-20,40.7079,40.8946,40.3111,40.8748,248.953301,1017591.639,40.39681828
2019-03-21,40.8395,40.9736,40.0515,40.2933,268.8092726,1083121.266,40.79007791
2019-03-22,40.2851,40.5391,40.2154,40.2397,229.9454511,925293.5969,40.36601982
2019-03-23,40.2271,40.4988,40.1596,40.3583,237.3452437,957885.0549,40.27542321
2019-03-24,40.3516,40.407,40.0619,40.2217,227.3611276,914485.1065,40.29623404
2019-03-25,40.2411,40.3884,39.3403,39.6307,261.40893,1035981.888,40.27289411
2019-03-26,39.6923,39.8508,39.4475,39.8508,268.6941997,1070767.882,39.54702051
2019-03-27,39.8424,40.8707,39.7781,40.8707,266.6245485,1089713.193,40.68803617
2019-03-28,40.8758,40.949,40.4027,40.6911,229.8762112,935391.5899,40.80936458
2019-03-29,40.683,41.135,40.341,40.9837,266.4148322,1091866.556,40.94875209
2019-03-30,40.9214,42.9681,40.5391,41.0666,236.9976589,973268.806,40.87536722
2019-03-31,41.0546,41.1302,40.941,41.054,220.3225616,904512.2443,41.10539838
2019-04-01,41.0536,41.6495,40.969,41.5818,244.284619,1015779.417,41.30441518
2019-04-02,41.5692,49.0595,41.5532,48.7988,436.7945076,2131504.782,47.61414745
2019-04-03,48.7996,53.07,48.7662,49.7302,460.4825957,2289989.158,49.58776181
2019-04-04,49.7131,50.6316,48.3679,49.228,370.7607508,1825181.024,49.72193027
2019-04-05,49.2281,50.5351,49.1949,50.3668,334.294126,1683732.539,49.75592098
2019-04-06,50.3679,52.0582,49.9222,50.5982,334.5928352,1692979.519,50.02550117
2019-04-07,50.6279,52.3519,50.5041,51.989,320.3642336,1665541.614,51.45963835
2019-04-08,51.9984,53.1884,51.4821,52.8977,324.2884593,1715411.363,52.12606927
2019-04-09,52.8992,52.8992,51.6742,52.0496,282.8475985,1472210.436,51.92933936
2019-04-10,52.0411,54.2165,51.9338,53.2455,291.1906346,1550459.093,52.48011418
2019-04-11,53.2508,53.5423,50.173,50.6449,326.8960156,1655561.602,50.281287
2019-04-12,50.612,51.0327,49.5585,50.8954,268.6923831,1367520.631,50.45388
2019-04-13,50.8885,51.2712,50.6159,50.9659,212.3633566,1082328.96,50.697887
2019-04-14,50.9576,51.8402,50.5357,51.6772,201.0935673,1039195.25,50.665275
2019-04-15,51.6732,51.9661,50.2407,50.6711,242.547627,1229015.506,51.403552
2019-04-16,50.6658,52.3895,50.5519,52.3556,221.918194,1161866.02,50.64665316
2019-04-17,52.3614,52.7428,52.1921,52.5194,236.835925,1243848.068,52.01137335
2019-04-18,52.5148,53.1999,52.5051,52.9839,250.198455,1325648.992,52.41936187
2019-04-19,52.9815,53.3668,52.3334,53.0381,259.8177283,1378023.866,52.60868672
2019-04-20,53.0416,53.5849,52.9588,53.3789,246.7200996,1316964.752,53.00682085
2019-04-21,53.3588,53.5993,52.5734,53.1453,258.3830409,1373184.422,52.34132901
2019-04-22,53.1249,54.2269,52.8028,53.9937,270.4321365,1460163.165,53.09706252
2019-04-23,53.9937,56.338,53.8941,55.7236,284.7502334,1586730.811,55.42078176
2019-04-24,55.7151,56.4204,54.1826,54.6487,311.9567968,1704803.34,54.33751035
2019-04-25,54.6652,55.4224,51.8134,52.1052,294.217917,1533028.341,54.37452539
2019-04-26,52.103,53.8363,51.7737,52.7935,318.4503403,1681210.804,52.35550673
2019-04-27,52.7947,53.1075,52.3364,52.6829,248.8715442,1311127.468,52.58217236
2019-04-28,52.7175,53.2623,52.5568,52.8514,242.5667448,1281999.206,52.80520553
2019-04-29,52.8486,53.1127,52.1649,52.4735,261.7605205,1373549.067,52.18865777
2019-04-30,52.4773,53.6326,52.2419,53.5073,259.3845059,1387896.457,52.90040112
2019-05-01,53.5091,54.18,53.4765,54.027,253.197998,1367952.824,53.31337332
2019-05-02,54.0242,55.2226,53.9422,55.0528,266.0075583,1464446.091,54.84815399
2019-05-03,55.0555,58.6588,54.902,57.6829,324.5464428,1872078.001,57.51139668
2019-05-04,57.692,58.8689,56.4547,58.3117,301.2736855,1756778.077,56.35428655
2019-05-05,58.3107,58.3386,57.0804,57.9571,255.5136596,1480883.072,57.47253055
2019-05-06,57.9169,58.0296,56.5369,57.4681,273.8418671,1573717.18,56.91755544
2019-05-07,57.456,59.8818,57.414,58.295,309.2273614,1802640.903,58.78642196
2019-05-08,58.4948,59.8998,57.9472,59.8246,256.0920641,1532060.53,59.25063145
2019-05-09,59.8232,61.8304,59.8232,61.7453,271.8368104,1678464.541,60.33513817
2019-05-10,61.7582,64.3462,61.6152,63.7885,304.4416371,1941987.537,62.95328295
2019-05-11,63.7967,73.33,63.757,72.0477,400.6729199,2886756.233,68.58944523
2019-05-12,72.0351,75.0387,68.1577,69.7237,398.3341917,2777333.368,69.1576803
2019-05-13,69.7118,80.4741,68.9828,78.1492,366.9605342,2867767.218,77.53949712
2019-05-14,78.0788,82.6871,76.9639,79.9442,400.672622,3203145.223,80.64286384
2019-05-15,79.8937,82.1642,78.9911,82.0517,345.4421166,2834411.292,80.02724281
2019-05-16,81.945,83.2082,77.2961,78.8491,420.6414224,3316719.758,79.94418362
2019-05-17,78.8693,79.2915,70.3812,73.439,409.409781,3006664.491,71.98758063
2019-05-18,73.4166,74.4727,72.515,72.7121,293.6827098,2135428.656,74.02206266
2019-05-19,72.6796,82.6194,72.6796,81.9769,315.9722073,2590242.204,79.41948154
2019-05-20,81.9692,82.0097,76.7878,79.7831,298.852819,2384340.434,78.27413491
2019-05-21,79.7797,80.6217,78.4334,79.6333,315.5369055,2512724.506,79.81577969
2019-05-22,79.5629,79.9761,76.1599,76.8007,321.8652066,2471947.318,79.96884133
2019-05-23,76.7727,79.4379,75.332,78.8185,310.2965398,2445710.782,78.20878456
2019-05-24,78.817,81.4072,78.2445,79.8737,324.501394,2591912.699,81.19835778
2019-05-25,79.9189,81.1793,79.6598,80.5254,276.3949401,2225681.311,80.93120463
2019-05-26,80.5521,86.8752,79.2467,86.7322,307.5901464,2667797.009,80.21557606
2019-05-27,86.7407,89.0717,86.687,88.0578,317.4033369,2794983.956,88.77418523
2019-05-28,88.0276,88.0702,86.3472,87.1996,277.8329174,2422691.927,87.37953583
2019-05-29,87.1859,87.5585,84.8273,86.5949,271.0723145,2347347.997,87.51138672
2019-05-30,86.6176,90.0831,82.2127,83.1947,351.5431698,2924652.855,87.996117
2019-05-31,83.2029,85.8666,81.7255,85.745,295.8212252,2536519.096,84.51022936
2019-06-01,85.7384,86.256,84.8158,85.6402,262.5905071,2248830.354,85.8870545
2019-06-02,85.6547,88.093,85.6124,87.4296,231.8003974,2026621.602,87.72866576
2019-06-03,87.4175,87.435,82.0419,82.0899,268.0538219,2200451.144,84.11906539
2019-06-04,82.1099,82.1099,75.6449,77.0777,319.2847159,2460973.155,79.9005684
2019-06-05,77.0434,79.0185,76.6867,78.2423,278.1222365,2176092.346,76.62367951
2019-06-06,78.1963,79.3734,75.7147,78.2202,248.9716349,1947461.108,77.07949463
2019-06-07,78.269,81.2615,77.8837,80.4395,237.9604949,1914142.323,79.16186072
2019-06-08,80.3677,80.7689,78.3761,79.5413,207.7250788,1652272.281,78.96588083
2019-06-09,79.4967,79.7597,75.8322,76.8808,216.0581907,1661072.655,77.35948754
2019-06-10,76.9228,80.3191,75.8673,80.0033,233.6063027,1868927.512,78.83492323
2019-06-11,80.0424,80.2639,77.728,79.2771,215.79094,1710727.993,77.72724383
2019-06-12,79.2543,81.9665,78.6236,81.4586,233.6700224,1903443.288,81.22259069
2019-06-13,81.4555,83.1157,80.8706,82.3092,226.820418,1866940.715,81.72030424
2019-06-14,82.309,87.1064,81.8339,86.9383,228.1061731,1983116.291,84.09668036
2019-06-15,86.8975,88.5913,86.184,88.3838,207.8552091,1837103.323,86.95031604
2019-06-16,88.4144,93.3587,88.1456,89.9449,259.5872619,2334855.031,91.56889443
2019-06-17,89.8892,94.1641,89.8892,93.2035,166.978192,1556295.192,92.50761257
2019-06-18,93.3547,93.4837,90.049,90.8176,174.5059387,1584821.054,90.18702089
2019-06-19,90.7873,92.9962,90.704,92.7352,167.6473437,1554680.995,90.62829882
2019-06-20,92.7306,95.9442,92.3248,95.2716,187.3257485,1784682.378,93.25099172
2019-06-21,95.2507,101.4456,95.2507,101.4456,203.3011648,2062400.864,98.11182744
2019-06-22,101.7592,111.5735,101.0704,107.0169,280.2847481,2999520.486,107.9719535
2019-06-23,106.9669,112.4614,105.561,108.5537,193.4372251,2099832.65,107.5019249
2019-06-24,108.5374,110.659,106.1043,110.111,175.0202284,1927165.237,108.8503776
2019-06-25,110.072,117.9092,110.072,117.9092,211.0071524,2487968.453,113.7292615
2019-06-26,117.7858,137.9649,117.556,130.1623,346.5345432,4510573.317,128.0798505
2019-06-27,130.1712,133.1114,104.9185,111.8281,357.490427,3997747.522,117.1232549
2019-06-28,111.6217,124.4518,109.1449,124.0733,282.798618,3508775.777,120.0009885
2019-06-29,124.0076,124.0091,115.0838,119.5937,250.213524,2992396.113,120.2800657
2019-06-30,119.3199,121.7838,107.9901,108.1716,251.9743953,2725647.35,111.6407488
2019-07-01,107.9693,112.0644,100.8931,105.8313,277.5983034,2937858.932,101.6765742
2019-07-02,105.8868,109.1219,97.3788,108.0168,287.1395489,3101589.522,104.6460607
2019-07-03,108.1816,119.6808,108.1816,119.6127,257.4684318,3079649.429,113.9893281
2019-07-04,119.7272,120.0608,111.6657,112.1544,231.1125915,2592029.403,118.1179479
2019-07-05,112.031,113.9566,108.7496,109.7846,217.1386534,2383848.021,112.9557772
2019-07-06,109.8254,116.2097,109.8254,112.0855,188.1779919,2109202.431,114.6234427
2019-07-07,112.1762,115.4162,111.488,114.5085,169.1494018,1936904.428,113.3367374
2019-07-08,114.466,123.4583,113.9337,122.8596,191.1332241,2348255.146,118.4181039
2019-07-09,122.8433,127.7913,122.3326,125.7381,224.0205755,2816792.152,123.2564922
2019-07-10,125.7154,131.2953,117.1098,121.5651,276.6219437,3362757.424,123.4472823
2019-07-11,121.3971,121.4462,111.5892,113.5866,251.7491297,2859532.769,116.8904033
2019-07-12,113.543,119.0549,111.7914,118.1599,199.1766479,2353469.28,114.7832651
2019-07-13,118.1313,118.4196,109.0848,113.9238,184.7078168,2104261.638,114.0504759
2019-07-14,113.8102,114.512,102.3458,102.5606,219.2459873,2248600,106.0070417
2019-07-15,102.5784,110.5277,99.9201,108.9509,232.9861177,2538404.721,105.1165673
2019-07-16,108.9665,109.9663,94.4811,94.7764,254.8229208,2415119.907,104.4769406
2019-07-17,94.7121,99.6313,91.6313,96.938,253.4601658,2456992.155,97.81226126
2019-07-18,96.985,107.3684,93.768,106.6648,236.1324884,2518702.465,103.563345
2019-07-19,106.5396,107.1698,102.2963,105.3073,196.8280101,2072742.631,103.9984536
2019-07-20,105.2582,110.4866,104.5128,107.6714,187.6692897,2020661.516,105.7176487
2019-07-21,107.7753,108.4189,103.896,105.9911,161.6228199,1713058.047,104.4170065
2019-07-22,105.9695,106.5179,101.5492,103.4311,157.9255651,1633441.491,103.2068896
2019-07-23,103.4675,103.4675,98.836,99.0077,180.3083699,1785191.7,99.72011052
2019-07-24,98.8773,99.088,96.1431,98.1193,177.3222426,1739873.432,98.94072914
2019-07-25,98.091,101.5425,97.7396,99.1184,159.6267907,1582195.209,100.3121772
2019-07-26,99.1313,99.1652,97.1798,98.703,146.8619442,1449571.448,97.88910066
2019-07-27,98.7116,101.6732,94.1152,94.7768,177.4464799,1681780.954,94.58226845
2019-07-28,94.9163,95.7555,92.523,95.5286,143.8175279,1373868.709,95.76089334
2019-07-29,95.4818,96.8165,94.7295,95.1915,144.8810589,1379144.532,95.76434814
2019-07-30,95.2233,97.0176,94.3734,96.0742,143.9492718,1382981.113,96.87882162
2019-07-31,96.0405,100.8563,95.981,100.8563,164.9031409,1663152.065,100.4388723
2019-08-01,100.7744,104.4692,99.2202,103.9967,165.0565629,1716533.786,99.86796972
2019-08-02,104.0204,106.5795,103.7101,105.1817,166.2750657,1748909.408,105.958723
2019-08-03,105.1928,109.4678,105.035,108.2173,141.8690455,1535268.506,107.6477579
2019-08-04,108.2163,110.0921,106.2028,109.7018,150.6893669,1653089.479,107.8777697
2019-08-05,109.6074,118.9509,109.6074,118.0565,202.2420522,2387598.883,116.9467477
2019-08-06,118.1155,122.7382,112.9073,114.7817,205.9135529,2363510.766,117.0645624
2019-08-07,114.7619,120.3699,114.337,119.4197,185.8570122,2219498.864,117.15475
2019-08-08,119.5404,119.7942,115.5617,119.6641,162.8023085,1948159.173,117.6902745
2019-08-09,119.5347,119.7046,117.0975,118.6294,154.5990282,1833998.996,117.6102194
2019-08-10,118.6156,119.1566,113.239,113.5402,159.6382202,1812535.545,114.3726953
2019-08-11,113.4974,115.2358,112.4829,115.2358,136.8877685,1577437.152,113.9875556
2019-08-12,115.2819,115.2819,113.2095,113.8262,119.8950525,1364719.823,113.6975651
2019-08-13,113.8505,114.2005,108.3033,108.9583,153.0998881,1668150.354,109.8947652
2019-08-14,108.8949,108.8956,100.2814,100.517,198.8801725,1999083.83,105.1560454
2019-08-15,100.3842,104.3741,96.7532,103.1155,222.0724826,2289911.508,100.336927
2019-08-16,103.1942,105.2435,98.5548,103.7434,194.9830745,2022820.71,102.6322842
2019-08-17,103.5872,104.5262,100.867,102.3174,134.6597518,1377803.569,103.4376437
2019-08-18,102.3301,104.8707,101.1909,103.4581,125.6529346,1299981.387,104.275802
2019-08-19,103.5028,109.1605,103.132,109.1605,146.9237005,1603826.46,106.9244902
2019-08-20,109.1635,109.4704,106.1896,107.6323,139.8565503,1505308.218,106.9596962
2019-08-21,107.6457,107.9873,99.6272,101.3805,192.0791944,1947308.477,100.7142079
2019-08-22,101.4252,102.33,98.3146,101.3106,168.7632771,1709750.886,101.3926226
2019-08-23,101.3631,104.4244,100.7819,104.0797,150.1447822,1562702.389,103.9557107
2019-08-24,104.0764,104.1802,99.823,101.5996,152.0776721,1545103.065,99.9146187
2019-08-25,101.6074,103.0462,100.0879,101.3852,139.604761,1415385.661,100.9157111
2019-08-26,101.263,105.1233,101.263,103.7082,177.7935986,1843865.408,103.5035121
2019-08-27,103.7283,103.8133,100.873,101.855,144.9375043,1476260.95,101.1575639
2019-08-28,102.0343,102.7937,97.1666,97.5442,180.4698826,1760379.032,102.2706367
2019-08-29,97.5679,97.5679,94.2163,95.102,179.2378552,1704587.85,95.36937406
2019-08-30,95.1484,96.5612,94.283,95.9817,141.6443341,1359526.399,95.9010302
2019-08-31,95.9754,96.7322,95.318,96.3066,118.9410323,1145480.642,95.62542968
2019-09-01,96.3059,97.9676,95.8294,97.5797,117.2923862,1144535.586,95.27655596
2019-09-02,97.5747,103.9659,97.3065,103.4676,166.7005159,1724810.229,98.66386682
2019-09-03,103.4573,107.361,103.0855,106.2354,182.4713607,1938491.799,105.9329915
2019-09-04,106.2118,107.6264,104.3471,105.9449,158.0318144,1674266.477,104.3168572
2019-09-05,105.8818,106.2727,105.1642,105.7553,137.5934777,1455123.951,105.1692247
2019-09-06,105.782,108.9876,102.923,103.533,188.6990117,1953657.478,108.4225656
2019-09-07,103.5393,105.5867,103.4892,105.1725,145.5453324,1530736.648,104.4288199
2019-09-08,105.1811,105.9564,104.0909,104.4128,130.9280806,1367056.749,103.8211765
2019-09-09,104.4323,104.5031,101.4493,103.3497,170.2563565,1759594.337,103.4327316
2019-09-10,103.3641,103.9435,100.2057,101.1598,147.3590264,1490680.964,101.9662598
2019-09-11,101.2303,102.1595,99.8078,101.7837,151.5769561,1542806.343,99.98646102
2019-09-12,101.7682,104.4225,100.9924,104.1013,147.1985837,1532356.393,103.1205703
2019-09-13,104.1536,104.4149,102.266,103.6055,136.1883749,1410986.468,102.9404498
2019-09-14,103.454,104.2213,102.9169,103.5805,130.0313585,1346871.312,103.0521562
2019-09-15,103.5647,103.8703,103.1309,103.4771,116.3874284,1204343.357,102.3920287
2019-09-16,103.4722,103.8687,101.8974,102.7679,147.5185129,1516016.778,101.0045284
2019-09-17,102.8151,102.9677,101.9974,102.4127,149.4404831,1530460.336,101.2018256
2019-09-18,102.478,102.7593,101.9147,101.9825,158.549446,1616926.888,100.2605059
2019-09-19,102.005,102.9567,98.5169,102.6641,194.2031464,1993769.125,97.39364819
2019-09-20,102.6632,102.8587,101.3219,101.8164,144.7133236,1473418.964,101.5718868
2019-09-21,101.8365,101.881,100.0071,100.1972,133.9884429,1342526.681,100.2422301
2019-09-22,100.2412,100.7444,99.2253,100.7039,131.0738879,1319965.17,99.74128977
2019-09-23,100.6796,100.7424,97.2714,97.2932,155.6627329,1514492.541,98.74349811
2019-09-24,97.2932,98.0432,83.708,86.2057,290.0375113,2500288.669,95.40916708
2019-09-25,86.0343,87.4483,83.254,84.8699,256.2124894,2174472.835,83.99042667
2019-09-26,84.8767,85.1569,78.9563,81.1897,237.2001041,1925820.529,81.98123307
2019-09-27,81.131,82.7152,79.6592,82.5185,198.8516655,1640894.116,79.66687334
2019-09-28,82.5127,82.8562,81.2543,82.4592,171.4927229,1414115.274,80.71547392
2019-09-29,82.4604,82.6171,79.905,81.0419,160.838148,1303462.911,79.6725078
2019-09-30,81.0423,83.1423,78.3076,82.9387,206.3629425,1711547.418,82.52536993
2019-10-01,82.9972,84.9769,82.3268,83.4328,183.4451608,1530534.341,83.0522235
2019-10-02,83.4421,83.9304,82.277,83.9304,156.3880601,1312571.244,82.19922681
2019-10-03,83.9077,84.1423,81.4644,82.5999,165.4823239,1366882.341,81.28272718
2019-10-04,82.5949,82.6006,81.5124,82.0594,160.1212808,1313945.623,81.34592993
2019-10-05,82.1015,82.1553,80.7112,81.515,149.6718052,1220049.72,80.39417158
2019-10-06,81.4988,81.6141,79.5885,79.8816,164.7542151,1316083.031,80.35147223
2019-10-07,79.8912,83.0845,79.0577,82.4562,218.4158694,1800974.261,81.58411599
2019-10-08,82.4685,83.3272,81.8576,82.2878,189.4845169,1559226.403,82.02766629
2019-10-09,82.2984,86.2771,81.693,85.9574,225.5180163,1938494.233,85.89430372
2019-10-10,85.8528,86.2527,84.7193,85.8647,205.1909652,1761866.067,84.95747939
2019-10-11,85.8526,87.2178,83.1618,83.2176,235.5797464,1960438.11,83.25663807
2019-10-12,83.1566,84.1524,83.1334,83.3656,174.3242009,1453264.161,83.6982427
2019-10-13,83.369,84.7099,82.7661,83.2101,165.9448319,1380828.606,83.94897208
2019-10-14,83.2083,83.9021,82.8413,83.7469,180.9187905,1515138.786,82.73224151
2019-10-15,83.7346,84.1071,81.8271,82.0537,185.4933127,1522041.263,82.56281115
2019-10-16,82.0467,82.1681,79.8509,80.4753,199.709066,1607164.7,79.69430611
2019-10-17,80.4781,81.3483,80.0094,81.0391,176.6190918,1431305.224,80.69505633
2019-10-18,81.0093,81.3841,79.0216,79.7321,196.3022749,1565159.261,79.24526341
2019-10-19,79.738,80.8263,79.4478,79.8856,172.7198098,1379782.564,80.10837031
2019-10-20,79.9781,82.8182,79.4944,82.2208,188.5684576,1550424.944,79.96412922
2019-10-21,82.2512,82.9669,81.9642,82.4372,192.4950006,1586874.887,82.118296
2019-10-22,82.434,82.9665,80.7446,80.782,208.0089359,1680337.786,81.9752946
2019-10-23,80.7623,80.93,74.6932,75.1467,292.0005663,2194287.896,74.56895751
2019-10-24,75.0973,75.3287,74.4699,74.9349,217.1045647,1626870.885,74.40118303
2019-10-25,74.907,86.9154,74.7998,86.607,331.4404781,2870506.549,77.22179871
2019-10-26,86.6758,100.2174,86.6262,92.4497,481.3023256,4449625.561,92.2651568
2019-10-27,92.4171,97.4953,91.1254,95.5171,341.2282146,3259312.95,95.1732494
2019-10-28,95.651,98.0512,92.5615,92.5615,334.3534335,3094825.533,93.49086038
2019-10-29,92.4844,95.1618,92.3265,94.2769,301.5243388,2842677.994,93.38634688
2019-10-30,94.2246,94.2687,90.8537,92.0573,300.9704996,2770653.158,90.65232048
2019-10-31,92.0246,93.8316,90.2872,91.9958,288.9659522,2658365.395,92.00813468
2019-11-01,91.9399,92.7566,91.3205,92.611,262.6544474,2432469.103,91.30462521
2019-11-02,92.5978,93.7749,92.4959,93.2472,227.8103405,2124267.639,92.9079418
2019-11-03,93.2479,93.7981,91.4125,92.3535,228.8188412,2113222.085,91.71733299
2019-11-04,92.3561,95.0505,91.9149,94.1261,278.0339952,2617025.563,92.92519682
2019-11-05,94.13,94.5742,92.5693,93.4253,280.4230658,2619860.905,93.45759426
2019-11-06,93.4086,94.2324,93.0591,93.6088,247.1337712,2313389.577,93.35979815
2019-11-07,93.5239,93.6848,92.0235,92.6756,244.9445576,2270038.384,92.13430814
2019-11-08,92.6537,92.7276,87.7553,88.0488,276.3585402,2433303.784,87.73594188
2019-11-09,88.0947,88.9182,87.9316,88.1358,199.4493793,1757863.061,88.05302961
2019-11-10,88.1249,91.0383,88.0616,90.5553,227.3519041,2058791.988,88.21026228
2019-11-11,90.5692,90.8128,87.0061,87.5779,231.3998254,2026551.077,87.46558306
2019-11-12,87.5975,88.5377,86.8543,88.1566,230.382854,2030976.911,86.46124199
2019-11-13,88.1203,88.3684,87.6165,88.0826,199.196611,1754575.541,87.39202911
2019-11-14,88.1194,88.2694,86.9255,87.081,219.1607811,1908473.998,86.41605092
2019-11-15,87.0571,87.3087,84.8484,84.9199,256.6754844,2179685.647,84.72252132
2019-11-16,84.9117,85.92,84.7397,85.5076,192.9113881,1649538.981,84.93705475
2019-11-17,85.4947,87.2779,85.0097,85.7798,217.6344419,1866863.89,85.43392287
2019-11-18,85.7398,86.5328,82.7357,83.0929,259.702943,2157947.067,84.34026165
2019-11-19,83.0513,84.0852,80.9996,82.0615,256.9245482,2108361.382,81.11040764
2019-11-20,82.0361,82.3724,80.1051,80.2727,258.6720073,2076430.044,81.18387684
2019-11-21,72.9616,74.4226,71.5142,73.978,283.9888131,2100892.442,76.68256747
2019-11-22,76.4357,76.9738,69.3671,72.9658,469.2926794,3424231.579,70.63260071
2019-11-23,72.9616,74.4226,71.5142,73.978,283.9888131,2100892.442,72.6296977
2019-11-24,73.9863,74.0858,70.2929,70.4792,431.8084951,3043351.729,70.8164081
2019-11-25,70.3998,73.1986,66.1717,71.4613,597.3195459,4268523.126,72.27563757
2019-11-26,71.4516,73.2023,70.9857,72.1837,292.718516,2112950.554,70.72654607
2019-11-27,72.2088,76.1969,69.7417,75.3166,318.5408365,2399141.276,72.57283565
2019-11-28,75.3682,77.3007,74.5412,74.6311,255.2570812,1905011.675,75.72648591
2019-11-29,74.6673,77.8118,74.6076,77.6124,253.9503411,1970969.546,77.55231727
2019-11-30,77.6406,78.361,75.1585,75.6963,226.6715122,1715819.479,75.83939151
2019-12-01,75.7162,75.7162,72.9134,74.2429,252.1548657,1872070.848,73.75036978
2019-12-02,74.2404,74.7482,72.334,73.2199,233.297788,1708204.071,72.9098063
2019-12-03,73.2398,74.1886,72.2936,73.2015,202.1473026,1479748.577,73.32621988
2019-12-04,73.2013,75.3978,71.7092,72.5203,298.7334707,2166424.092,74.40242036
2019-12-05,72.5324,77.4343,72.3268,74.4831,252.6222087,1881608.523,73.37409668
2019-12-06,74.5056,75.47,73.9218,75.47,239.8895761,1810446.631,74.17373775
2019-12-07,75.4727,75.8995,75.2571,75.5624,204.5133633,1545352.056,75.23533131
2019-12-08,75.5134,76.3461,74.7609,75.6435,203.7175446,1540990.809,75.34344245
2019-12-09,75.618,76.1809,73.6599,74.009,241.4844312,1787202.127,74.90328959
2019-12-10,73.9713,74.2402,72.4604,72.7812,250.7382565,1824903.12,72.83613053
2019-12-11,72.772,73.2416,71.9553,72.1743,226.5417287,1635049.069,71.86175929
2019-12-12,72.1674,72.6664,71.6474,72.4313,261.31079,1892708.022,71.68959798
2019-12-13,72.4466,72.9356,72.2712,72.6968,235.5775899,1712573.694,72.47912253
2019-12-14,72.689,73.0884,70.9721,71.2467,240.5308559,1713702.973,71.27824939
2019-12-15,71.2424,71.8108,69.2438,71.523,236.0237938,1688112.98,71.13627928
2019-12-16,71.5366,71.7117,69.0368,69.3248,291.5733756,2021326.595,70.94224114
2019-12-17,69.3132,69.6407,65.8797,66.4052,336.7779062,2236380.422,67.43057965
2019-12-18,66.477,73.2498,65.4005,72.768,437.5071842,3183652.278,67.89828709
2019-12-19,72.7759,73.466,70.4138,72.0284,359.6443127,2590460.442,71.3058768
2019-12-20,72.0864,72.5792,70.8612,72.1882,313.5389881,2263381.518,71.77049976
2019-12-21,72.2059,72.2323,71.1274,71.9116,268.5596228,1931255.217,71.3726322
2019-12-22,71.9119,75.1803,71.6718,75.1159,307.9845673,2313453.796,71.65663822
2019-12-23,75.089,76.5618,73.2619,73.5563,378.3739536,2783178.804,75.67469474
2019-12-24,73.5439,75.3572,72.6953,73.2253,313.9846761,2299162.211,72.67649631
2019-12-25,73.2576,73.5702,72.2099,72.7516,296.3440687,2155950.515,71.85245752
2019-12-26,72.748,73.883,72.0039,72.3897,314.7824902,2278701.003,71.99551824
2019-12-27,72.3814,73.6353,71.8993,72.9009,312.4427956,2277736.1,72.32714929
2019-12-28,72.8903,73.9904,72.8691,73.1799,291.9609486,2136567.303,73.03941336
2019-12-29,73.1765,75.1395,72.7987,74.2265,302.3887386,2244525.77,73.9023392
2019-12-30,74.2027,74.5482,72.7631,72.93,313.645025,2287413.167,72.79659124
2019-12-31,72.9444,73.3529,71.6978,71.936,294.2608167,2116794.611,72.19007237
2020-01-01,71.9489,72.5433,71.7494,72.0017,257.8503702,1856566.5,72.25715268
2020-01-02,72.0255,72.1216,69.3527,69.8547,297.7907494,2080208.347,71.27777384
2020-01-03,69.8443,74.1372,69.15,73.4488,382.7357429,2811148.103,72.73418525
2020-01-04,73.4538,74.2739,73.0951,74.1066,248.8883753,1844427.128,73.35168931
2020-01-05,74.1045,75.445,74.0054,74.1132,266.147921,1972507.41,74.58285352
2020-01-06,74.1045,77.8187,74.0929,77.6922,299.5958616,2327626.16,75.30739555
2020-01-07,77.6868,81.7822,77.6823,81.6369,352.3809861,2876729.133,78.20156303
2020-01-08,81.6194,83.9674,79.5677,80.7986,391.9939116,3167255.927,82.99723527
2020-01-09,80.823,80.823,78.424,78.7907,305.1881817,2404599.047,79.19245701
2020-01-10,78.7831,81.6655,77.2677,81.6655,351.6121721,2871458.384,80.11072
2020-01-11,81.6219,82.1836,80.2964,80.3754,317.5245795,2552116.509,80.67431865
2020-01-12,80.3326,82.0006,80.0906,81.9249,279.5662659,2290343.838,81.66925336
2020-01-13,81.8977,81.9779,80.797,81.4419,276.0607339,2248291.069,80.91885664
2020-01-14,81.4093,88.7951,81.4093,88.2776,507.9633351,4484178.411,87.15695302
2020-01-15,88.2534,88.9012,86.5719,88.0701,455.3513014,4010283.465,88.13221092
2020-01-16,88.1248,88.4646,86.121,87.2379,358.9492862,3131398.193,87.01682419
2020-01-17,87.2521,89.5812,86.7732,89.2904,407.3465828,3637213.932,88.31343372
2020-01-18,89.2721,90.122,88.2733,89.4281,361.6063925,3233777.263,89.01323317
2020-01-19,89.4145,91.6436,86.2008,87.0625,393.0201921,3421732.047,86.56074576
2020-01-20,87.0463,87.4559,85.6047,86.5764,305.1914341,2642237.568,86.49100675
2020-01-21,86.5899,87.5571,85.4452,87.4589,275.5284884,2409741.851,86.59593701
2020-01-22,87.4421,87.9299,86.3675,86.8088,260.34462,2260020.405,86.58931952
2020-01-23,86.8065,86.8775,83.3364,84.0652,306.555873,2577068.078,83.93613674
2020-01-24,84.0557,85.1467,82.6684,84.4543,288.8889379,2439791.303,84.79581382
2020-01-25,84.4012,84.5845,82.9622,83.6785,234.7954558,1964733.155,83.31478719
2020-01-26,83.6441,86.024,83.255,85.9683,257.9750768,2217767.88,84.7108377
2020-01-27,85.9731,89.7773,85.9731,89.0982,321.5254449,2864733.839,87.67485508
2020-01-28,89.1252,93.5859,89.0845,93.5859,367.5633231,3439874.44,90.08827742
2020-01-29,93.5747,94.0643,92.6947,93.1663,329.3315084,3068259.812,93.02554734
2020-01-30,93.1602,95.5313,92.309,95.0899,340.5071711,3237879.285,93.66821521
2020-01-31,95.0831,95.2171,92.3078,93.5053,314.7681438,2943248.972,92.97816819
2020-02-01,93.4636,94.3932,93.1324,93.9288,275.9819831,2592265.65,93.66343863
2020-02-02,93.8982,94.688,92.1782,93.4437,329.9926795,3083573.695,94.58297508
2020-02-03,93.4468,95.4037,92.4863,92.9352,332.8566195,3093409.651,93.30074506
2020-02-04,92.9284,93.3127,91.1281,91.8096,325.5997599,2989318.372,92.01447861
2020-02-05,91.8342,97.013,91.637,96.1342,366.3842927,3522206.087,94.50841943
2020-02-06,96.1782,98.2462,95.3982,97.298,386.7378951,3762882.372,97.76938743
2020-02-07,97.26,98.3472,97.26,97.9594,352.4186363,3452271.816,98.07006597
2020-02-08,97.9307,98.7675,96.7891,98.6512,356.5293049,3517204.376,98.15075028
2020-02-09,98.6389,101.2944,98.5039,101.1667,353.9493199,3580788.466,100.1287441
2020-02-10,101.1556,101.6577,97.8456,98.5661,399.5952774,3938654.808,98.95787589
2020-02-11,98.5589,102.1005,97.2933,102.0824,368.8006884,3764805.939,99.8312552
2020-02-12,102.0239,103.9361,102.0239,103.2605,420.7252902,4344430.383,102.5948169
2020-02-13,103.2396,104.5763,101.1616,102.1438,483.2018328,4935607.137,102.4317842
2020-02-14,102.1155,103.22,101.2553,103.1212,420.2653204,4333826.416,102.6088442
2020-02-15,103.1386,103.4156,98.7443,98.8942,443.5553837,4386505.483,102.1339609
2020-02-16,98.8918,100.5397,97.2239,99.3443,436.6106591,4337478.031,98.80551057
2020-02-17,99.3656,99.3882,95.0764,96.9014,474.6917837,4599829.841,95.44761775
2020-02-18,96.9123,101.6194,96.3238,101.42,466.0917369,4727102.395,98.34194854
2020-02-19,101.438,101.9168,96.1122,96.3339,487.8035635,4699201.971,101.317425
2020-02-20,96.2933,96.4322,95.079,96.0848,467.5584508,4492526.024,95.85906893
2020-02-21,96.1178,97.2301,95.8974,96.8644,422.5551133,4093054.751,97.03583619
2020-02-22,96.8771,96.9823,96.0073,96.6318,370.8719609,3583802.515,96.22754407
2020-02-23,96.6332,99.374,96.5779,99.2452,414.984158,4118518.576,98.72766481
2020-02-24,99.2158,99.5175,95.3704,96.5017,467.1471761,4508049.665,97.31060788
2020-02-25,96.5131,96.5274,93.0502,93.4171,455.1121704,4251525.913,94.03141132
2020-02-26,93.3829,93.5478,87.0443,88.2052,571.6222032,5042005.076,90.05218992
2020-02-27,88.2509,89.3289,85.772,87.8449,517.6190729,4547019.57,88.89757086
2020-02-28,87.8873,88.9046,84.9293,86.7246,514.3344615,4460545.044,86.56216881
2020-02-29,86.7121,87.7563,85.9951,85.9951,416.2143255,3579239.254,86.47175579
2020-03-01,85.9976,87.268,84.7121,85.6245,412.8393661,3534916.43,85.90592694
2020-03-02,85.6326,89.2131,85.3263,88.6967,483.193562,4285767.441,87.90132378
2020-03-03,88.6539,89.016,87.0499,87.8779,482.3364671,4238671.582,87.19129698
2020-03-04,87.8854,88.4337,87.1243,87.5525,396.8670954,3474670.637,87.54789996
2020-03-05,87.6029,91.4205,87.5725,90.7876,437.2629588,3969805.46,90.35588934
2020-03-06,90.7831,91.677,90.3208,91.2255,447.5380859,4082688.565,90.67814237
2020-03-07,91.216,91.6322,88.9074,89.0995,406.4773693,3621693.037,91.11987345
2020-03-08,89.0821,89.1434,81.0525,81.0812,493.0008698,3997310.212,84.97120731
2020-03-09,81.1115,81.7779,76.901,79.2364,592.3665867,4693699.581,77.03070596
2020-03-10,79.2215,81.3695,78.1476,79.0973,533.6963587,4221394.099,80.10817392
2020-03-11,79.1009,79.5081,76.4281,79.1143,488.9477958,3868276.261,77.87242201
2020-03-12,79.1362,79.2912,48.6035,49.7079,1085.951272,5398035.724,60.70567877
2020-03-13,50.1783,58.3811,41.0698,55.6371,1332.865517,7415677.208,52.51561416
2020-03-14,55.7308,56.2523,51.2507,52.0037,695.2294934,3615450.601,53.50758752
2020-03-15,52.0107,58.3665,51.6928,53.9231,630.4884111,3399788.964,53.56282707
2020-03-16,53.8523,53.8523,45.7536,50.1448,904.7404004,4536802.643,51.3460396
2020-03-17,50.0258,53.7135,49.8191,52.2563,739.1002221,3862264.294,52.71873658
2020-03-18,52.2711,53.3183,50.6934,52.3844,723.093154,3787880.102,53.13774415
2020-03-19,52.4542,63.2974,52.3697,61.9119,823.762989,5100073.18,58.49490251
2020-03-20,61.9165,68.4426,58.6578,61.9878,878.2853417,5444297.61,65.83031695
2020-03-21,62.0652,63.7814,59.3282,61.8507,687.0478569,4249439.088,62.08037997
2020-03-22,61.8556,63.597,58.2371,58.3025,687.7863683,4009966.474,60.73794872
2020-03-23,58.3137,64.4393,57.85,64.1631,724.5896162,4649191.6,62.13864683
2020-03-24,64.3664,67.8902,64.1107,67.348,716.0110274,4822191.067,65.47287787
2020-03-25,67.3872,68.9251,65.3693,66.8106,667.4106787,4459010.789,66.4328833
2020-03-26,66.7517,67.3546,65.9096,67.1644,525.8708131,3531979.764,65.95142349
2020-03-27,67.1939,67.9384,64.667,64.698,534.5698224,3458559.837,66.36293041
2020-03-28,64.6725,64.675,61.1784,62.4219,558.8619683,3488522.59,62.36038926
2020-03-29,62.4562,62.5047,59.2009,59.2204,479.1202175,2837369.093,61.18810466
2020-03-30,59.2554,65.172,59.0323,64.2984,577.0229356,3710165.153,63.79995082
2020-03-31,64.3061,65.0452,63.7416,64.3864,509.2141945,3278646.881,64.42758438
2020-04-01,64.3732,66.1257,62.0237,66.0678,610.6821518,4034642.627,62.40541133
2020-04-02,66.0678,70.8825,65.9592,67.9362,701.5500738,4766064.612,67.91725051
2020-04-03,67.974,70.0322,66.7334,67.3339,578.8541122,3897650.49,67.18122781
2020-04-04,67.3838,68.7895,66.9648,68.6753,483.2303402,3318598.858,67.19507901
2020-04-05,68.6254,68.8341,67.1593,67.9113,434.5434391,2951040.986,67.85928287
2020-04-06,67.8805,72.7178,67.8289,72.7178,644.9164388,4689690.462,71.32173156
2020-04-07,72.7364,74.2794,71.3671,71.7641,616.5127504,4424348.267,73.14714292
2020-04-08,71.7928,73.5622,71.5331,73.341,512.1725849,3756324.955,72.69118208
2020-04-09,73.3797,73.4145,71.7909,73.0209,476.7832111,3481513.918,72.75018655
2020-04-10,73.0382,73.0382,68.0247,68.6549,635.3929726,4362284.099,67.75614145
2020-04-11,68.6744,69.2607,67.8992,68.5908,455.1934946,3122208.595,68.32271128
2020-04-12,68.5807,71.1995,68.1108,69.7109,512.9695303,3575956.763,70.13719065
2020-04-13,69.6562,69.6562,66.6826,68.4504,564.1940536,3861930.865,67.67689102
2020-04-14,68.4328,69.5856,67.9382,68.4243,498.5134529,3411043.405,68.97289273
2020-04-15,68.4556,69.2866,66.334,66.4211,486.1152711,3228831.103,67.09430147
2020-04-16,66.4045,71.3445,65.555,71.168,657.3634552,4678324.238,70.39345796
2020-04-17,71.1655,71.6718,70.5033,70.9618,458.1820581,3251342.357,70.46037136
2020-04-18,70.9229,72.6996,70.8925,72.5766,447.0750681,3244718.839,72.26921203
2020-04-19,72.6092,72.8052,71.6705,71.8942,435.517889,3131121.022,71.08132983
2020-04-20,71.8687,72.4029,68.355,68.8196,548.4936549,3774711.394,70.63739707
2020-04-21,68.7978,69.3455,68.3444,68.8032,473.6660724,3258974.151,68.36921126
2020-04-22,68.7944,71.4587,68.6778,71.1721,467.1655588,3324915.387,71.08190298
2020-04-23,71.2131,74.9178,70.8159,74.2972,585.4969274,4350078.232,75.33950138
2020-04-24,74.3418,75.742,74.3418,75.509,458.7072572,3463652.629,75.02819426
2020-04-25,75.5048,76.4136,75.2167,75.6994,435.1625171,3294154.145,75.3994559
2020-04-26,75.7014,77.0059,75.6141,76.7987,430.6082589,3307015.449,75.50592971
2020-04-27,76.7942,77.956,76.7942,77.956,463.8789153,3616214.473,76.7985066
2020-04-28,77.9697,78.1453,77.3081,78.0706,425.1018939,3318795.992,77.21478582
2020-04-29,78.0671,88.7175,77.8605,88.0104,684.022027,6020105.22,83.71867465
2020-04-30,87.9767,94.4065,85.3326,86.5855,773.3931148,6696462.954,88.05320022
2020-05-01,86.7278,90.4802,86.6776,88.6477,497.1182557,4406839,87.33468988
2020-05-02,88.6906,90.0719,88.1137,89.886,446.5032228,4013438.868,89.18272036
2020-05-03,89.8361,91.6778,88.3097,88.9747,529.3840291,4710178.517,88.25275858
2020-05-04,88.9574,89.5691,86.4502,89.1265,512.9652379,4571879.628,88.39905733
2020-05-05,89.1283,90.6241,88.5683,90.0307,479.2638807,4314846.266,88.12723371
2020-05-06,90.0744,94.1147,89.6671,92.6876,532.669817,4937188.693,92.79380345
2020-05-07,92.619,99.9266,91.3832,99.5152,614.1041827,6111270.056,94.91790769
2020-05-08,99.3616,99.9674,97.6717,98.4267,526.0843657,5178074.804,99.53051666
2020-05-09,98.4091,99.1386,95.8064,95.939,485.3721828,4656612.184,96.86959628
2020-05-10,95.9117,95.9558,83.9511,87.5643,723.1860397,6332527.934,86.3761128
2020-05-11,87.5554,90.3347,83.7432,86.018,664.0454184,5711985.88,88.73924015
2020-05-12,86.1039,89.499,85.6964,88.0448,478.6508406,4214271.753,88.79803843
2020-05-13,88.0539,93.1788,88.0539,92.6999,491.4583945,4555814.402,91.3110854
2020-05-14,92.7133,97.9327,92.5503,97.3372,579.7054737,5642690.764,97.40320021
2020-05-15,97.3429,97.5583,92.614,93.282,516.2711169,4815880.233,94.81156194
2020-05-16,93.3324,95.642,92.6069,93.7701,385.6748197,3616476.641,93.70016156
2020-05-17,93.7493,98.23,93.4955,96.7074,414.4900045,4008425.066,98.18353518
2020-05-18,96.7569,99.0603,95.7036,97.2657,430.0297011,4182713.99,96.66207308
2020-05-19,97.2706,98.3605,95.3962,97.2904,403.4754606,3925428.896,96.87232421
2020-05-20,97.2533,98.0479,94.472,95.2298,383.7689432,3654623.97,94.1930821
2020-05-21,95.2274,95.5524,88.6993,90.8176,433.0235608,3932616.053,90.9764673
2020-05-22,90.8033,92.3294,90.0864,91.8258,324.6448569,2981077.37,92.07862345
2020-05-23,91.8506,93.025,91.1811,92.0929,301.0858254,2772786.681,92.03667629
2020-05-24,92.1228,92.884,87.8725,87.9037,369.9366841,3251880.33,90.63337296
2020-05-25,87.8611,89.5101,87.1967,89.0693,351.278805,3128815.726,87.75382027
2020-05-26,89.0959,89.9197,87.5729,88.3505,334.8502493,2958418.695,87.28314066
2020-05-27,88.3738,92.0332,88.3416,91.8102,356.6111053,3274053.69,91.50164781
2020-05-28,91.8494,95.4632,91.4846,95.2575,360.7807586,3436707.311,95.07518537
2020-05-29,95.2836,95.7367,93.7934,94.3912,348.5138662,3289664.204,94.02989155
2020-05-30,94.3891,97.0403,93.6673,97.0041,337.3360007,3272297.514,95.36764297
2020-05-31,97.0011,97.0034,94.323,94.6106,293.5536853,2777329.03,94.80306351
2020-06-01,94.6361,101.9956,94.509,101.6727,346.1981542,3519890.107,95.42076671
2020-06-02,101.6297,101.8234,94.6057,95.298,410.6828276,3913725.211,94.81831935
2020-06-03,95.3376,96.8286,94.7185,96.5672,258.9643198,2500745.926,95.68665103
2020-06-04,96.5585,98.8761,95.2525,98.0064,264.4909421,2592180.507,98.16913828
2020-06-05,98.0022,98.6924,96.6322,96.6553,243.2316556,2350962.865,97.12565654
2020-06-06,96.649,97.7343,95.9102,96.5368,211.716353,2043841.922,96.585344
2020-06-07,96.53,97.685,94.5815,97.5885,256.3340029,2501525.085,94.83093205
2020-06-08,97.6006,97.8231,96.7589,97.7149,219.8881267,2148634.631,97.12239233
2020-06-09,97.7436,98.3637,96.6472,97.957,242.1250424,2371784.278,97.19701513
2020-06-10,97.9412,99.089,97.2829,98.7009,260.4491712,2570656.76,97.74523972
2020-06-11,98.7008,99.383,92.6307,93.2178,324.4781945,3024714.344,95.32540351
2020-06-12,93.2069,95.4047,92.8585,94.8084,238.4869328,2261056.452,94.22089243
2020-06-13,94.8074,94.9321,93.9601,94.7528,185.3699555,1756432.232,94.39983292
2020-06-14,94.7755,94.8227,93.4759,93.8679,202.3240399,1899173.275,94.35092624
2020-06-15,93.8604,95.0486,89.9018,94.507,282.5156313,2669970.477,93.07621498
2020-06-16,94.5427,95.7943,94.0045,95.3802,226.1007757,2156553.721,94.57824274
2020-06-17,95.3378,95.4042,93.2734,94.8026,212.8392036,2017770.988,93.98775656
2020-06-18,94.8157,94.8278,93.284,94.1184,188.8056215,1777008.3,93.91296255
2020-06-19,94.1029,94.4088,92.743,92.8802,211.371456,1963222.311,93.80984146
2020-06-20,92.9096,93.9497,92.4738,93.3234,183.5610528,1713054.156,92.61452552
2020-06-21,93.3093,94.0111,93.0043,93.0363,164.7131407,1532430.117,93.74191322
2020-06-22,93.0092,96.5507,92.9687,96.4872,218.7234111,2110400.951,94.95513879
2020-06-23,96.4408,96.7054,95.4725,96.2966,176.6047116,1700643.327,96.58963531
2020-06-24,96.3215,96.8037,92.7823,93.1361,203.5914761,1896171.608,91.95370966
2020-06-25,93.1413,93.4016,90.9532,92.6481,200.9328699,1861604.863,92.11908366
2020-06-26,92.6099,93.1052,91.0174,91.6292,200.1705334,1834146.584,91.24388324
2020-06-27,91.6782,92.0781,89.9822,90.4539,190.9601813,1727309.314,91.1149746
2020-06-28,90.4846,91.9755,89.7553,91.4358,159.2469335,1456087.076,91.13484278
2020-06-29,91.4003,92.3757,90.4188,91.9085,179.0971137,1646054.708,91.27785018
2020-06-30,91.8558,92.1784,90.8484,91.3799,172.2019585,1573579.774,91.70103556
2020-07-01,91.4599,93.0975,91.0473,92.2833,173.0708628,1597155.036,92.56582385
2020-07-02,92.3114,92.7496,90.3662,91.2341,179.0878279,1633891.68,90.75709661
2020-07-03,91.2484,92.0234,90.5879,90.873,143.9258195,1307897.1,91.04008922
2020-07-04,90.8423,91.833,90.5363,91.3249,134.580257,1229052.852,90.82896501
2020-07-05,91.2609,91.6218,89.7702,90.7394,142.2029035,1290340.614,90.32516357
2020-07-06,90.7285,93.7547,90.5866,93.7547,190.8092421,1788926.325,93.03002009
2020-07-07,93.4916,93.6062,92.0182,92.5228,149.5809962,1383965.26,92.63541236
2020-07-08,92.5302,94.5034,92.495,94.2833,208.9697739,1970235.988,93.99269841
2020-07-09,94.2799,94.3138,92.35,92.7797,194.0155284,1800070.252,92.28742722
2020-07-10,92.7336,92.8747,91.18,92.7881,181.7047187,1686003.561,92.3868955
2020-07-11,92.7751,92.9353,91.9949,92.4035,143.3918677,1324991.044,92.40111143
2020-07-12,92.4106,93.1942,91.9745,92.765,155.7954175,1445236.191,92.18010387
2020-07-13,92.772,93.064,92.2429,92.4361,189.5344056,1751982.127,92.82011451
2020-07-14,92.387,92.8384,91.7166,92.4321,195.6575515,1808503.836,92.41247643
2020-07-15,92.419,92.7533,91.7193,91.9284,172.3594838,1584473.158,92.29408618
2020-07-16,91.9198,92.1431,90.8895,91.3223,172.071526,1571396.752,91.26040048
2020-07-17,91.3181,91.8225,90.892,91.5139,152.3765324,1394457.075,91.36060431
2020-07-18,91.5118,92.3098,91.0082,91.5904,133.776045,1225260.148,91.72407663
2020-07-19,91.5801,92.014,90.9763,91.8582,140.8584403,1293900.278,91.36026401
2020-07-20,91.8722,92.1427,91.3751,91.6423,150.1010357,1375560.415,91.76074093
2020-07-21,91.6251,94.0726,91.4939,93.7489,192.7444691,1806958.196,93.40384893
2020-07-22,93.7508,95.3052,93.1965,95.2536,173.5604206,1653225.488,93.40168415
2020-07-23,95.2714,96.1025,94.83,95.8107,189.3984597,1814639.9,95.33534204
2020-07-24,95.8551,96.2334,94.8145,95.3689,173.5656836,1655276.833,95.50471726
2020-07-25,95.3949,97.0456,95.3021,96.7711,171.6428865,1661007.093,95.97848087
2020-07-26,96.8023,100.2381,96.5285,99.0517,207.0433824,2050799.9,99.67580166
2020-07-27,99.0522,112.9822,99.0397,109.9087,321.719296,3535974.959,103.1966204
2020-07-28,110.1746,112.0433,106.3263,109.1282,263.6032771,2876655.114,111.4836891
2020-07-29,109.1295,113.044,108.5614,111.0047,221.7676343,2461724.972,111.6381756
2020-07-30,110.9983,111.6936,108.9546,111.1121,205.7134003,2285724.79,110.0031266
2020-07-31,111.1021,114.1586,109.8705,113.2347,204.5350919,2316046.977,113.1103053
2020-08-01,113.2257,117.9478,112.3968,117.5959,221.739621,2607567.03,116.3254174
2020-08-02,117.5876,120.3414,110.1813,110.5361,247.9738957,2741006.734,111.0876079
2020-08-03,110.4377,114.5308,110.1241,112.4635,180.25149,2027171.344,113.5060907
2020-08-04,112.462,113.8538,110.9415,112.0589,189.6341749,2125019.704,112.0606722
2020-08-05,112.0382,117.8662,111.5829,117.4702,207.8080609,2441125.447,116.4690372
2020-08-06,117.4987,119.0234,115.9871,117.7977,198.651929,2340074.034,118.1285677
2020-08-07,117.7889,118.9804,114.0859,116.0147,199.3912226,2313231.287,116.3928032
2020-08-08,116.0455,118.0006,115.5843,117.5405,149.4978993,1757205.784,117.3939721
2020-08-09,117.3733,118.0606,115.4878,116.7574,149.7944356,1748960.883,115.6412066
2020-08-10,116.6226,120.4514,116.6226,118.7811,219.8507386,2611411.257,119.2467386
2020-08-11,118.8165,119.3271,111.9571,114.1053,236.9721883,2703978.264,115.0085495
2020-08-12,114.046,117.484,112.4961,115.8493,216.3547685,2506454.849,115.8662322
2020-08-13,115.8841,117.964,112.1687,117.8414,233.5528897,2752219.95,114.9965992
2020-08-14,117.7266,121.5099,116.8546,117.6887,205.9497521,2423795.859,117.4107052
2020-08-15,117.687,119.632,117.687,118.657,196.8271944,2335492.44,118.6864244
2020-08-16,118.6669,119.349,117.3719,118.928,173.0742591,2058337.549,118.7127168
2020-08-17,118.9566,123.5906,118.067,122.544,230.3473612,2822768.703,124.1309217
2020-08-18,122.519,123.3571,119.5453,119.9123,217.1856238,2604322.767,119.6251963
2020-08-19,119.9088,120.2892,116.8733,117.5828,208.3880561,2450285.112,117.3144116
2020-08-20,117.615,119.0041,117.1006,118.7837,169.8485815,2017524.295,118.4388225
2020-08-21,118.7803,118.9926,115.6498,115.9249,204.9812077,2376242.6,117.4996763
2020-08-22,115.8548,116.8941,114.4881,116.8183,173.1251979,2022419.131,116.0712742
2020-08-23,116.797,117.1343,115.5992,116.6485,158.4423517,1848206.266,116.6738255
2020-08-24,116.6369,118.0763,116.2325,117.746,175.6451324,2068151.176,117.6978029
2020-08-25,117.7359,117.783,111.8985,113.6614,231.4023048,2630150.993,114.2336236
2020-08-26,113.6689,115.3005,112.9699,114.8836,195.5602101,2246666.096,114.8055539
2020-08-27,114.8561,115.7079,111.8594,113.234,205.2423749,2324041.508,113.3043201
2020-08-28,113.253,115.4562,113.1642,115.425,171.6017118,1980712.759,115.2841193
2020-08-29,115.4105,115.8564,114.6629,115.0687,151.9578978,1748559.776,114.9497345
2020-08-30,115.0871,117.1526,114.9238,117.1151,168.7239984,1976012.795,115.9013476
2020-08-31,117.1331,117.6888,115.9832,116.8082,190.7907857,2228592.825,117.3915637
2020-09-01,116.7932,120.6708,116.0113,119.7048,228.1575621,2731155.534,120.3673856
2020-09-02,119.6482,119.6482,112.9079,114.1403,245.6398424,2803740.53,113.313398
2020-09-03,114.0719,114.4302,101.8247,102.453,311.6283716,3192726.156,106.5407518
2020-09-04,102.3037,106.6392,102.0794,105.1181,285.0615676,2996513.037,104.2824562
2020-09-05,105.1253,105.8157,99.4668,101.6957,441.6761504,4491656.529,102.6670277
2020-09-06,101.6722,103.5393,100.5689,102.8035,360.6050395,3707146.017,101.8228444
2020-09-07,102.81,103.9915,99.1649,103.6956,325.0195612,3370309.841,101.4871322
2020-09-08,103.6931,104.1478,99.4511,101.3152,329.9695156,3343092.746,100.7718042
2020-09-09,101.3415,103.5054,100.1725,102.4235,235.5737966,2412829.276,102.6054851
2020-09-10,102.4233,105.0391,102.3814,103.6314,524.9995968,5440644.321,104.2831854
2020-09-11,103.6903,104.3492,101.4084,104.0091,434.5881445,4520112.178,103.0304987
2020-09-12,104.0986,105.7884,102.9239,104.4217,351.9390828,3675007.732,103.6381338
2020-09-13,104.524,105.7722,102.2433,103.2376,353.6197353,3650685.279,102.8645438
2020-09-14,103.2873,108.0001,102.6601,106.8084,331.9362704,3545358.194,106.8184082
2020-09-15,106.7775,109.3863,106.5646,107.9695,301.0984762,3250945.193,107.9126433
2020-09-16,107.9776,111.0012,107.0488,109.749,280.3668959,3076998.646,109.9714628
2020-09-17,109.7325,110.3742,107.7463,109.4899,348.4505011,3815181.052,108.4464741
2020-09-18,109.5182,110.3491,108.2966,109.4459,240.6842459,2634190.391,109.0949346
2020-09-19,109.3375,111.3409,109.0962,110.9435,205.1873612,2276420.401,110.9617292
2020-09-20,110.9587,110.9587,108.1448,109.3827,225.8083206,2469952.379,108.4624875
2020-09-21,109.3493,109.883,103.8026,104.6226,276.0875685,2888499.924,104.2478296
2020-09-22,104.5962,105.6808,103.8273,105.3846,224.1483841,2362178.78,104.5695616
2020-09-23,105.3946,106.3785,101.8577,102.2586,224.7902279,2298673.4,104.5902675
2020-09-24,102.2748,107.6579,102.1521,107.4555,214.2052919,2301753.674,105.4362141
2020-09-25,107.4747,107.5755,105.9405,107.0229,198.3925853,2123254.982,106.5365692
2020-09-26,107.0224,107.785,106.8208,107.5444,168.3491853,1810501.213,107.225755
2020-09-27,107.5294,108.0473,106.4346,107.7443,167.2188711,1801688.021,107.3567925
2020-09-28,107.7164,109.4912,107.1668,107.2133,211.917415,2272036.539,109.0407086
2020-09-29,107.1246,108.5894,106.6534,108.4883,188.5905673,2045987.004,107.2704696
2020-09-30,108.4541,108.5653,106.8967,107.8762,192.4393148,2075962.201,107.8003009
2020-10-01,107.8501,109.1584,104.9355,106.2333,255.8352966,2717822.782,107.4150001
2020-10-02,106.2439,106.6281,104.4031,105.8516,218.4930531,2312783.926,105.1914947
2020-10-03,105.8381,106.1409,105.2798,105.6549,161.7909846,1709401.03,105.4999506
2020-10-04,105.6792,107.0079,105.3134,106.8443,164.227692,1754679.279,106.003814
2020-10-05,106.8803,108.04,106.4644,108.04,179.4260623,1938519.177,107.2690283
2020-10-06,107.9978,108.0346,105.652,106.2166,209.6184465,2226495.869,107.2411661
2020-10-07,106.198,106.8727,105.9196,106.7914,165.1292944,1763438.853,106.3321471
2020-10-08,106.7763,109.398,105.6982,109.2363,201.0514911,2196212.1,109.1405683
2020-10-09,109.2544,111.0585,108.6297,110.7947,203.9192661,2259317.392,110.8861491
2020-10-10,110.5914,114.4221,110.5694,112.9636,202.5252257,2287797.859,113.4149782
2020-10-11,112.9608,114.2881,112.8863,113.8418,175.4068107,1996862.706,114.0416242
2020-10-12,113.9264,116.9847,112.4069,115.5536,226.4228258,2616397.264,115.2200351
2020-10-13,115.4872,115.4898,113.2122,114.259,212.1620201,2424142.025,113.9885326
2020-10-14,114.2905,115.3998,113.0783,114.2951,210.8876646,2410342.672,113.384569
2020-10-15,114.266,115.6991,113.036,114.9535,213.018595,2448723.306,114.0428082
2020-10-16,115.0283,115.4006,112.2301,113.2212,226.4194406,2563548.077,113.3372266
2020-10-17,113.2212,113.8626,112.8535,113.581,168.4298446,1913043.017,113.5808001
2020-10-18,113.5598,114.8336,113.4758,114.8336,159.2157203,1828331.434,114.3036703
2020-10-19,114.9504,117.9909,114.0829,117.4204,203.208045,2386076.993,118.0218437
2020-10-20,117.4597,119.9992,116.8148,119.1634,259.4405798,3091582.159,119.1967139
2020-10-21,119.1308,131.8457,119.0093,128.2369,338.5508588,4341471.263,126.8685699
2020-10-22,128.0164,131.6159,127.1709,129.6589,267.8548067,3472975.96,129.1998738
2020-10-23,129.7155,130.1596,127.5265,129.3154,224.0643806,2897497.5,129.3489477
2020-10-24,129.3157,131.4507,128.8575,131.0806,187.2307415,2454231.794,131.1490961
2020-10-25,131.0806,133.2918,129.1006,130.3117,187.2964636,2440692.058,129.2764129
2020-10-26,130.312,132.253,128.2238,130.7525,225.3223328,2946145.831,130.0220897
2020-10-27,130.7524,137.5967,130.6084,136.5422,247.1754385,3374987.816,136.0469419
2020-10-28,136.5421,138.377,129.3225,132.7129,270.2624906,3586731.89,132.4073766
2020-10-29,132.713,136.1205,129.8006,134.3788,420.4495024,5649949.96,134.2631329
2020-10-30,134.3787,136.5152,131.362,135.4652,225.7515967,3058148.52,135.284398
2020-10-31,135.4653,140.2821,134.5753,137.8099,219.9150041,3030646.472,138.5633241
,,,,,,,
,,,,,,,
,,,,,,,
,,,,,,,
,,,,,,,
,,,,,,,
,,,,,,,
,,,,,,,
,,,,,,,
,,,,,,,
,,,,,,,
,,,,,,,
,,,,,,,
,,,,,,,
,,,,,,,
,,,,,,,
,,,,,,,
,,,,,,,
,,,,,,,
,,,,,,,
,,,,,,,
,,,,,,,
,,,,,,,
,,,,,,,
,,,,,,,
,,,,,,,
,,,,,,,
,,,,,,,
,,,,,,,
,,,,,,,
,,,,,,,
,,,,,,,
,,,,,,,
,,,,,,,
,,,,,,,
,,,,,,,
,,,,,,,
,,,,,,,
,,,,,,,
,,,,,,,
,,,,,,,
,,,,,,,
,,,,,,,
,,,,,,,
,,,,,,,
,,,,,,,
,,,,,,,
,,,,,,,
,,,,,,,
,,,,,,,
,,,,,,,
,,,,,,,
,,,,,,,
,,,,,,,
,,,,,,,
,,,,,,,
,,,,,,,
,,,,,,,
,,,,,,,
,,,,,,,
,,,,,,,
,,,,,,,
,,,,,,,
,,,,,,,
,,,,,,,
,,,,,,,
,,,,,,,
,,,,,,,
,,,,,,,
,,,,,,,
,,,,,,,
,,,,,,,
,,,,,,,
,,,,,,,
,,,,,,,
,,,,,,,
,,,,,,,
,,,,,,,
,,,,,,,
,,,,,,,
,,,,,,,
,,,,,,,
,,,,,,,
,,,,,,,
,,,,,,,
,,,,,,,
,,,,,,,
,,,,,,,
,,,,,,,
,,,,,,,
,,,,,,,
,,,,,,,
,,,,,,,
,,,,,,,
,,,,,,,
,,,,,,,
,,,,,,,
,,,,,,,
,,,,,,,
,,,,,,,
,,,,,,,
,,,,,,,
,,,,,,,
,,,,,,,
,,,,,,,
,,,,,,,
,,,,,,,
,,,,,,,
,,,,,,,
,,,,,,,
,,,,,,,
,,,,,,,
,,,,,,,
,,,,,,,
,,,,,,,
,,,,,,,
,,,,,,,
,,,,,,,
,,,,,,,
,,,,,,,
,,,,,,,
,,,,,,,
,,,,,,,
,,,,,,,
,,,,,,,
,,,,,,,
,,,,,,,
,,,,,,,
,,,,,,,
,,,,,,,
,,,,,,,
,,,,,,,
,,,,,,,
,,,,,,,
,,,,,,,
,,,,,,,
,,,,,,,
,,,,,,,
,,,,,,,
,,,,,,,
,,,,,,,
,,,,,,,
,,,,,,,
,,,,,,,
,,,,,,,
,,,,,,,
,,,,,,,
,,,,,,,
,,,,,,,
,,,,,,,
,,,,,,,
,,,,,,,
,,,,,,,
,,,,,,,
,,,,,,,
,,,,,,,
,,,,,,,
,,,,,,,
,,,,,,,
,,,,,,,
,,,,,,,
,,,,,,,
,,,,,,,
,,,,,,,
,,,,,,,
,,,,,,,
,,,,,,,
,,,,,,,
,,,,,,,
,,,,,,,
,,,,,,,
,,,,,,,
,,,,,,,
,,,,,,,
,,,,,,,
,,,,,,,
,,,,,,,
,,,,,,,
,,,,,,,
,,,,,,,
,,,,,,,
,,,,,,,
,,,,,,,
,,,,,,,
,,,,,,,
,,,,,,,
,,,,,,,
,,,,,,,
,,,,,,,
,,,,,,,
,,,,,,,
,,,,,,,
,,,,,,,
,,,,,,,
,,,,,,,
,,,,,,,
,,,,,,,
,,,,,,,
,,,,,,,
,,,,,,,
,,,,,,,
,,,,,,,
,,,,,,,
,,,,,,,
,,,,,,,
,,,,,,,
,,,,,,,
,,,,,,,
,,,,,,,
,,,,,,,
,,,,,,,
,,,,,,,
,,,,,,,
,,,,,,,
,,,,,,,
,,,,,,,
,,,,,,,
,,,,,,,
,,,,,,,
,,,,,,,
,,,,,,,
,,,,,,,
,,,,,,,
,,,,,,,
,,,,,,,
,,,,,,,
,,,,,,,
,,,,,,,
,,,,,,,
,,,,,,,
,,,,,,,
,,,,,,,
,,,,,,,
,,,,,,,
,,,,,,,
,,,,,,,
,,,,,,,
,,,,,,,
,,,,,,,
,,,,,,,
,,,,,,,
,,,,,,,
,,,,,,,
,,,,,,,
,,,,,,,
,,,,,,,
,,,,,,,
,,,,,,,
,,,,,,,
,,,,,,,
,,,,,,,
,,,,,,,
,,,,,,,
,,,,,,,
,,,,,,,
,,,,,,,
,,,,,,,
,,,,,,,
,,,,,,,
,,,,,,,
,,,,,,,
,,,,,,,
,,,,,,,
